Country,City Name	,State/Province,Branch,BranchName
The United States,Boston,Massachusetts,361 Huntington Avenue,RE-Huntington
The United States,Boston,Massachusetts,12 Downtown Crossing,RE- Downtown
The United States,New York,New York,91 Manhattan,RE- Manhattan
The United States,New York,New York,44 Brooklyn,RE- Brooklyn
The United States,Chicago,Illinois,13 Parker Avenue,RE- Parker
The United States,San Fransisco,California,88 Richard Street,RE- Richard
Canada,Montreal        ,Quebec,1 Montreal Central,RE- Montreal
Canada,Montreal,Quebec,61 Mount Royale,RE- Royale
Canada,Toronto,Ontario,92 Liberty Street,RE- Liberty
India,New Delhi,New Delhi,7 Janpath,RE- Janpath
India,New Delhi,New Delhi,9 Hauz Khas,RE- Hauz Khas
India,Mumbai,Maharashtra,88 Juhu,RE- Juhu
India,Bangalore,Karnataka,8 Phoenix Mall,RE- Phoenix